id,busstop_id,route_id,distance
1,s1,0101-32,0.0
2,s3,0101-32,0.86
3,s4,0101-32,0.66
4,s5,0101-32,0.77
5,s7,0101-32,1.06
6,s8,0101-32,0.79
7,s9,0101-32,0.41
8,s10,0101-32,0.54
9,s11,0101-32,0.46
10,s12,0101-32,0.22
11,s13,0101-32,0.38
12,s14,0101-32,0.38
13,s15,0101-32,0.37
14,s16,0101-32,0.31
15,s17,0101-32,0.14
16,s18,0101-32,0.43
17,s19,0101-32,0.17
18,s20,0101-32,0.21
19,s21,0101-32,0.17
20,s22,0101-32,0.26
21,s23,0101-32,0.33
22,s24,0101-32,0.43
23,s25,0101-32,0.41
24,s26,0101-32,0.86
25,s1,0101-27,0.0
26,s3,0101-27,0.8
27,s4,0101-27,0.7
28,s5,0101-27,0.91
29,s31,0101-27,0.83
30,s32,0101-27,0.79
31,s33,0101-27,0.59
32,s34,0101-27,0.5
33,s35,0101-27,0.44
34,s36,0101-27,0.42
35,s37,0101-27,0.78
36,s38,0101-27,0.21
37,s39,0101-27,0.54
38,s40,0101-27,0.7
39,s350,0101-27,0.48
40,s42,0101-27,0.4
41,s43,0101-27,0.33
42,s351,0101-27,0.57
43,s45,0101-27,0.76
44,s46,0101-27,0.5
45,s47,0101-27,0.29
46,s48,0101-27,0.5
47,s49,0101-27,0.57
48,s50,0101-27,0.67
49,s51,0101-27,0.38
50,s52,0101-27,0.29
51,s53,0101-27,0.79
52,s54,0101-27,0.53
53,s55,0101-27,0.42
54,s56,0101-27,0.54
55,s57,0101-27,0.11
56,s58,0101-27,0.61
57,s352,0101-27,0.3
58,s60,0101-27,0.2
59,s61,0101-27,0.27
60,s353,0101-27,0.33
61,s63,0101-27,0.61
62,s64,0101-27,0.24
63,s65,0101-27,0.31
64,s66,0101-27,0.34
65,s9,0101-27,0.28
66,s67,0101-27,0.17
67,s68,0101-27,0.23
68,s69,0101-27,0.52
69,s70,0101-27,0.19
70,s71,0101-27,0.44
71,s72,0101-27,0.49
72,s1,0101-34,0.0
73,s3,0101-34,0.83
74,s4,0101-34,0.64
75,s5,0101-34,0.94
76,s31,0101-34,0.75
77,s32,0101-34,0.79
78,s33,0101-34,0.77
79,s34,0101-34,0.4
80,s36,0101-34,0.86
81,s37,0101-34,0.69
82,s38,0101-34,0.26
83,s76,0101-34,0.6
84,s77,0101-34,0.67
85,s78,0101-34,0.34
86,s42,0101-34,0.5
87,s79,0101-34,0.45
88,s80,0101-34,0.51
89,s81,0101-34,0.74
90,s82,0101-34,0.46
91,s83,0101-34,0.22
92,s84,0101-34,0.6
93,s85,0101-34,0.59
94,s86,0101-34,0.65
95,s87,0101-34,0.29
96,s52,0101-34,0.53
97,s53,0101-34,0.6
98,s88,0101-34,0.47
99,s89,0101-34,0.39
100,s90,0101-34,0.75
101,s91,0101-34,0.53
102,s92,0101-34,1.1
103,s93,0101-34,1.11
104,s94,0101-34,0.85
105,s95,0101-34,0.88
106,s96,0101-34,0.91
107,s97,0101-34,0.89
108,s98,0101-34,0.38
109,s99,0101-34,0.32
110,s100,0101-34,0.46
111,s101,0101-34,0.37
112,s102,0101-34,0.68
113,s103,0101-34,0.6
114,s104,0101-34,0.78
115,s105,0101-34,0.81
116,s106,0101-34,0.63
117,s107,0101-34,0.63
118,s1,0101-37,0.0
119,s108,0101-37,0.74
120,s109,0101-37,0.89
121,s110,0101-37,0.37
122,s111,0101-37,0.02
123,s112,0101-37,0.34
124,s113,0101-37,0.69
125,s114,0101-37,0.38
126,s115,0101-37,0.6
127,s116,0101-37,0.52
128,s117,0101-37,0.39
129,s118,0101-37,0.34
130,s119,0101-37,0.44
131,s120,0101-37,0.47
132,s121,0101-37,0.73
133,s122,0101-37,0.01
134,s123,0101-37,0.43
135,s124,0101-37,0.44
136,s125,0101-37,0.88
137,s126,0101-37,0.33
138,s127,0101-37,0.42
139,s128,0101-37,0.57
140,s129,0101-37,0.51
141,s130,0101-37,0.41
142,s131,0101-37,0.38
143,s132,0101-37,0.53
144,s133,0101-37,0.61
145,s134,0101-37,0.64
146,s135,0101-37,0.28
147,s136,0101-37,0.27
148,s137,0101-37,0.41
149,s138,0101-37,0.66
150,s139,0101-37,0.2
151,s1,0101-37,0.84
152,s1,0101-01,0.0
153,s141,0101-01,0.51
154,s142,0101-01,0.5
155,s143,0101-01,0.25
156,s144,0101-01,0.28
157,s145,0101-01,0.4
158,s146,0101-01,0.34
159,s147,0101-01,0.23
160,s148,0101-01,0.2
161,s149,0101-01,0.22
162,s12,0101-01,1.06
163,s150,0101-01,0.4
164,s151,0101-01,0.35
165,s152,0101-01,0.41
166,s153,0101-01,0.55
167,s154,0101-01,0.4
168,s155,0101-01,0.35
169,s156,0101-01,0.21
170,s157,0101-01,0.31
171,s158,0101-01,0.2
172,s159,0101-01,0.84
173,s160,0101-01,0.39
174,s161,0101-01,0.39
175,s162,0101-01,0.31
176,s163,0101-01,0.3
177,s164,0101-01,0.35
178,s165,0101-01,0.25
179,s1,0101-02,0.0
180,s166,0101-02,0.76
181,s167,0101-02,0.7
182,s109,0101-02,0.2
183,s111,0101-02,0.49
184,s168,0101-02,0.22
185,s169,0101-02,0.33
186,s170,0101-02,0.34
187,s114,0101-02,0.38
188,s115,0101-02,0.55
189,s116,0101-02,0.55
190,s171,0101-02,0.42
191,s172,0101-02,0.34
192,s173,0101-02,0.34
193,s174,0101-02,0.24
194,s175,0101-02,0.49
195,s176,0101-02,0.34
196,s177,0101-02,0.76
197,s178,0101-02,0.43
198,s179,0101-02,0.43
199,s180,0101-02,0.49
200,s181,0101-02,0.51
201,s182,0101-02,0.53
202,s183,0101-02,1.27
203,s184,0101-02,0.66
204,s185,0101-02,0.09
205,s186,0101-02,1.52
206,s187,0101-02,0.29
207,s188,0101-02,0.35
208,s189,0101-02,0.19
209,s190,0101-02,0.47
210,s191,0101-02,0.27
211,s192,0101-02,0.89
212,s193,0101-02,0.86
213,s194,0101-02,0.34
214,s195,0101-02,0.54
215,s196,0101-02,0.47
216,s197,0101-02,0.36
217,s198,0101-02,0.72
218,s199,0101-02,0.22
219,s200,0101-02,0.15
220,s1,0101-24,0.0
221,s141,0101-24,0.36
222,s142,0101-24,0.41
223,s201,0101-24,0.25
224,s143,0101-24,0.31
225,s145,0101-24,0.4
226,s146,0101-24,0.32
227,s202,0101-24,0.36
228,s203,0101-24,0.29
229,s204,0101-24,0.59
230,s205,0101-24,0.2
231,s206,0101-24,0.16
232,s207,0101-24,0.18
233,s208,0101-24,0.21
234,s151,0101-24,0.3
235,s209,0101-24,0.34
236,s210,0101-24,0.16
237,s211,0101-24,0.59
238,s212,0101-24,0.13
239,s213,0101-24,0.36
240,s214,0101-24,0.22
241,s1,0101-28,0.0
242,s166,0101-28,0.54
243,s167,0101-28,0.76
244,s109,0101-28,0.14
245,s215,0101-28,0.72
246,s169,0101-28,0.33
247,s170,0101-28,0.33
248,s114,0101-28,0.38
249,s216,0101-28,0.56
250,s116,0101-28,0.66
251,s217,0101-28,0.29
252,s172,0101-28,0.31
253,s218,0101-28,0.37
254,s175,0101-28,0.76
255,s220,0101-28,0.34
256,s177,0101-28,0.74
257,s221,0101-28,0.8
258,s222,0101-28,0.56
259,s223,0101-28,0.46
260,s224,0101-28,0.57
261,s225,0101-28,0.75
262,s183,0101-28,0.55
263,s226,0101-28,0.4
264,s185,0101-28,0.33
265,s227,0101-28,0.4
266,s228,0101-28,0.44
267,s229,0101-28,0.83
268,s230,0101-28,0.12
269,s231,0101-28,0.37
270,s232,0101-28,0.17
271,s233,0101-28,0.67
272,s234,0101-28,0.52
273,s235,0101-28,0.18
274,s236,0101-28,0.59
275,s237,0101-28,0.75
276,s238,0101-28,0.49
277,s239,0101-28,0.99
278,s240,0101-28,0.79
279,s241,0101-28,0.51
280,s242,0101-28,0.63
281,s243,0101-28,0.42
282,s244,0101-28,0.76
283,s245,0101-28,0.86
284,s246,0101-28,0.4
285,s247,0101-28,0.43
286,s248,0101-28,0.37
287,s249,0101-28,0.74
288,s250,0101-28,1.12
289,s251,0101-28,0.5
290,s252,0101-28,0.4
291,s253,0101-28,0.34
292,s254,0101-28,0.48
293,s255,0101-28,1.02
294,s256,0101-28,1.0
295,s257,0101-28,0.36
296,s258,0101-28,1.15
297,s259,0101-28,0.85
298,s260,0101-28,0.53
299,s261,0101-28,0.62
300,s262,0101-28,0.36
301,s263,0101-28,0.72
302,s264,0101-28,0.41
303,s265,0101-28,1.32
304,s266,0101-28,0.67
305,s1,0101-25,0.0
306,s3,0101-25,0.62
307,s4,0101-25,0.64
308,s5,0101-25,0.92
309,s31,0101-25,0.76
310,s267,0101-25,0.86
311,s33,0101-25,0.73
312,s34,0101-25,0.41
313,s35,0101-25,0.43
314,s36,0101-25,0.51
315,s37,0101-25,0.44
316,s270,0101-25,0.47
317,s271,0101-25,0.6
318,s77,0101-25,0.58
319,s78,0101-25,0.35
320,s42,0101-25,0.56
321,s273,0101-25,0.63
322,s44,0101-25,0.27
323,s274,0101-25,0.74
324,s82,0101-25,0.46
325,s83,0101-25,0.25
326,s275,0101-25,0.57
327,s85,0101-25,0.59
328,s276,0101-25,0.66
329,s87,0101-25,0.28
330,s277,0101-25,0.51
331,s278,0101-25,0.75
332,s279,0101-25,0.59
333,s280,0101-25,0.23
334,s281,0101-25,0.45
335,s282,0101-25,0.49
336,s283,0101-25,0.41
337,s284,0101-25,0.54
338,s285,0101-25,0.48
339,s286,0101-25,0.98
340,s287,0101-25,0.47
341,s288,0101-25,0.31
342,s289,0101-25,0.41
343,s1,0101-31,0.0
344,s3,0101-31,0.84
345,s4,0101-31,0.46
346,s5,0101-31,0.87
347,s7,0101-31,1.01
348,s290,0101-31,0.4
349,s8,0101-31,0.42
350,s9,0101-31,0.55
351,s291,0101-31,0.58
352,s292,0101-31,0.09
353,s293,0101-31,0.24
354,s294,0101-31,0.36
355,s295,0101-31,0.3
356,s296,0101-31,0.23
357,s297,0101-31,0.23
358,s298,0101-31,0.23
359,s299,0101-31,0.25
360,s300,0101-31,0.72
361,s301,0101-31,0.94
362,s302,0101-31,0.58
363,s303,0101-31,0.25
364,s304,0101-31,0.37
365,s305,0101-31,0.34
366,s306,0101-31,0.61
367,s307,0101-31,0.55
368,s1,0101-23,0.0
369,s139,0101-23,0.88
370,s136,0101-23,1.3
371,s135,0101-23,0.36
372,s308,0101-23,0.21
373,s133,0101-23,0.55
374,s309,0101-23,0.88
375,s130,0101-23,0.86
376,s310,0101-23,0.22
377,s311,0101-23,0.2
378,s312,0101-23,1.15
379,s313,0101-23,0.32
380,s314,0101-23,0.39
381,s315,0101-23,0.36
382,s316,0101-23,0.38
383,s317,0101-23,0.44
384,s318,0101-23,0.62
385,s319,0101-23,0.33
386,s320,0101-23,0.81
387,s321,0101-23,0.5
388,s322,0101-23,0.6
389,s323,0101-23,0.65
390,s324,0101-23,0.49
391,s325,0101-23,1.37
392,s238,0101-23,0.56
393,s326,0101-23,0.58
394,s327,0101-23,0.51
395,s328,0101-23,0.51
396,s329,0101-23,0.28
397,s330,0101-23,0.23
398,s331,0101-23,0.41
399,s332,0101-23,0.35
400,s333,0101-23,0.2
401,s334,0101-23,0.32
402,s335,0101-23,0.65
403,s336,0101-23,0.17
404,s337,0101-23,0.54
405,s338,0101-23,0.33
406,s339,0101-23,0.47
407,s340,0101-23,0.33
408,s341,0101-23,0.26
409,s342,0101-23,0.61
410,s343,0101-23,0.21
411,s344,0101-23,0.28
412,s345,0101-23,0.48
413,s346,0101-23,0.27
414,s347,0101-23,0.83
415,s1,0101-26,0.0
416,s3,0101-26,0.97
417,s4,0101-26,0.7
418,s5,0101-26,0.91
419,s31,0101-26,0.84
420,s32,0101-26,0.84
421,s33,0101-26,0.6
422,s34,0101-26,0.5
423,s348,0101-26,0.44
424,s36,0101-26,0.44
425,s37,0101-26,0.78
426,s349,0101-26,0.21
427,s39,0101-26,0.55
428,s40,0101-26,0.62
429,s350,0101-26,0.48
430,s42,0101-26,0.41
431,s43,0101-26,0.33
432,s351,0101-26,0.58
433,s45,0101-26,0.74
434,s46,0101-26,0.5
435,s47,0101-26,0.29
436,s49,0101-26,1.07
437,s51,0101-26,1.03
438,s52,0101-26,0.3
439,s53,0101-26,0.81
440,s55,0101-26,0.96
441,s57,0101-26,0.65
442,s58,0101-26,0.58
443,s352,0101-26,0.3
444,s60,0101-26,0.2
445,s61,0101-26,0.28
446,s353,0101-26,0.33
447,s63,0101-26,0.61
448,s64,0101-26,0.24
449,s354,0101-26,0.3
450,s355,0101-26,1.0
451,s356,0101-26,0.16
452,s1,0101-29,0.0
453,s357,0101-29,0.86
454,s358,0101-29,0.14
455,s359,0101-29,0.21
456,s360,0101-29,0.3
457,s361,0101-29,0.32
458,s362,0101-29,0.24
459,s363,0101-29,0.37
460,s364,0101-29,0.35
461,s365,0101-29,0.34
462,s366,0101-29,0.41
463,s367,0101-29,0.34
464,s368,0101-29,0.21
465,s369,0101-29,0.3
466,s370,0101-29,0.28
467,s371,0101-29,0.28
468,s372,0101-29,0.38
469,s1,0101-03,0.0
470,s3,0101-03,0.82
471,s4,0101-03,0.74
472,s5,0101-03,0.79
473,s374,0101-03,0.7
474,s375,0101-03,1.17
475,s376,0101-03,0.97
476,s377,0101-03,0.6
477,s378,0101-03,0.24
478,s379,0101-03,0.94
479,s380,0101-03,0.52
480,s381,0101-03,0.62
481,s382,0101-03,0.52
482,s383,0101-03,0.72
483,s384,0101-03,0.6
484,s385,0101-03,0.77
485,s386,0101-03,1.08
486,s387,0101-03,0.42
487,s388,0101-03,0.65
488,s389,0101-03,0.39
489,s390,0101-03,0.69
490,s391,0101-03,0.85
491,s392,0101-03,0.34
492,s393,0101-03,0.99
493,s394,0101-03,0.39
494,s395,0101-03,1.54
495,s396,0101-03,0.53
496,s397,0101-03,0.81
497,s398,0101-03,0.44
498,s399,0101-03,1.11
499,s400,0101-03,0.43
500,s401,0101-03,0.9
501,s106,0101-03,0.19
502,s402,0101-03,0.99
503,s403,0101-03,0.79
504,s404,0101-03,0.45
505,s405,0101-03,0.85
506,s406,0101-03,1.03
507,s407,0101-03,0.46
508,s408,0101-03,0.47
509,s409,0101-03,0.29
510,s410,0101-03,0.84
511,s410,0101-03,0.33
512,s411,0101-03,0.73
513,s412,0101-03,0.39
514,s413,0101-03,0.11
515,s1,0101-04,0.0
516,s357,0101-04,0.77
517,s414,0101-04,0.65
518,s109,0101-04,0.22
519,s415,0101-04,0.35
520,s215,0101-04,0.34
521,s416,0101-04,0.35
522,s417,0101-04,0.33
523,s114,0101-04,0.4
524,s418,0101-04,0.56
525,s116,0101-04,0.6
526,s419,0101-04,0.34
527,s420,0101-04,0.34
528,s173,0101-04,0.4
529,s421,0101-04,0.65
530,s176,0101-04,0.41
531,s177,0101-04,0.74
532,s221,0101-04,0.85
533,s180,0101-04,0.52
534,s423,0101-04,0.93
535,s424,0101-04,0.21
536,s425,0101-04,1.07
537,s1,0101-05,0.0
538,s427,0101-05,0.84
539,s4,0101-05,0.64
540,s5,0101-05,0.94
541,s31,0101-05,0.75
542,s32,0101-05,0.9
543,s33,0101-05,0.74
544,s34,0101-05,0.39
545,s35,0101-05,0.4
546,s36,0101-05,0.47
547,s37,0101-05,0.69
548,s38,0101-05,0.25
549,s39,0101-05,0.59
550,s40,0101-05,0.58
551,s350,0101-05,0.35
552,s42,0101-05,0.5
553,s429,0101-05,0.42
554,s351,0101-05,0.52
555,s430,0101-05,0.75
556,s46,0101-05,0.47
557,s83,0101-05,0.4
558,s48,0101-05,0.48
559,s49,0101-05,0.55
560,s431,0101-05,0.64
561,s432,0101-05,0.31
562,s52,0101-05,0.47
563,s53,0101-05,0.67
564,s433,0101-05,1.48
565,s434,0101-05,0.87
566,s435,0101-05,0.25
567,s436,0101-05,0.3
568,s437,0101-05,0.39
569,s438,0101-05,0.39
570,s439,0101-05,0.31
571,s440,0101-05,0.48
572,s441,0101-05,0.5
573,s442,0101-05,0.61
574,s443,0101-05,0.69
575,s444,0101-05,0.8
576,s445,0101-05,0.24
577,s446,0101-05,0.52
578,s447,0101-05,0.74
579,s448,0101-05,0.4
580,s449,0101-05,0.6
581,s450,0101-05,0.34
582,s95,0101-05,0.82
583,s1,0101-33,0.0
584,s166,0101-33,0.79
585,s167,0101-33,0.62
586,s109,0101-33,0.17
587,s111,0101-33,0.38
588,s451,0101-33,0.34
589,s169,0101-33,0.35
590,s452,0101-33,0.33
591,s114,0101-33,0.38
592,s453,0101-33,0.54
593,s116,0101-33,0.57
594,s454,0101-33,0.4
595,s455,0101-33,0.34
596,s456,0101-33,0.34
597,s457,0101-33,0.25
598,s458,0101-33,0.21
599,s220,0101-33,0.36
600,s459,0101-33,0.27
601,s460,0101-33,0.5
602,s461,0101-33,0.84
603,s462,0101-33,0.34
604,s463,0101-33,0.57
605,s464,0101-33,0.32
606,s465,0101-33,0.48
607,s466,0101-33,0.42
608,s467,0101-33,0.74
609,s468,0101-33,0.43
610,s469,0101-33,0.6
611,s470,0101-33,0.44
612,s1,0101-06,0.0
613,s3,0101-06,0.97
614,s4,0101-06,0.7
615,s5,0101-06,0.91
616,s31,0101-06,0.84
617,s32,0101-06,0.84
618,s33,0101-06,0.6
619,s34,0101-06,0.5
620,s35,0101-06,0.44
621,s36,0101-06,0.44
622,s37,0101-06,0.78
623,s270,0101-06,0.21
624,s271,0101-06,0.55
625,s77,0101-06,0.62
626,s41,0101-06,0.48
627,s42,0101-06,0.41
628,s475,0101-06,0.33
629,s80,0101-06,0.58
630,s476,0101-06,0.74
631,s477,0101-06,0.5
632,s83,0101-06,0.23
633,s275,0101-06,0.29
634,s85,0101-06,0.57
635,s276,0101-06,0.66
636,s52,0101-06,0.83
637,s99,0101-06,0.46
638,s478,0101-06,0.38
639,s479,0101-06,0.39
640,s480,0101-06,0.51
641,s481,0101-06,0.25
642,s1,0101-07,0.0
643,s166,0101-07,0.84
644,s482,0101-07,0.13
645,s483,0101-07,0.26
646,s484,0101-07,0.3
647,s485,0101-07,0.32
648,s289,0101-07,0.25
649,s486,0101-07,0.35
650,s487,0101-07,0.31
651,s488,0101-07,0.4
652,s489,0101-07,0.4
653,s490,0101-07,0.28
654,s491,0101-07,0.33
655,s1,0101-08,0.0
656,s166,0101-08,0.86
657,s358,0101-08,0.17
658,s492,0101-08,0.18
659,s484,0101-08,0.31
660,s485,0101-08,0.31
661,s289,0101-08,0.26
662,s493,0101-08,0.35
663,s487,0101-08,0.26
664,s494,0101-08,0.45
665,s366,0101-08,0.39
666,s490,0101-08,0.29
667,s495,0101-08,0.31
668,s1,0101-35,0.0
669,s3,0101-35,0.93
670,s4,0101-35,1.33
671,s5,0101-35,0.23
672,s7,0101-35,1.02
673,s497,0101-35,0.58
674,s8,0101-35,0.42
675,s498,0101-35,0.53
676,s10,0101-35,0.66
677,s11,0101-35,0.41
678,s501,0101-35,0.38
679,s502,0101-35,0.37
680,s503,0101-35,0.31
681,s504,0101-35,0.17
682,s505,0101-35,0.59
683,s506,0101-35,0.29
684,s507,0101-35,0.12
685,s508,0101-35,0.62
686,s509,0101-35,0.16
687,s510,0101-35,0.39
688,s1,0101-09,0.0
689,s166,0101-09,0.79
690,s511,0101-09,0.46
691,s512,0101-09,0.19
692,s513,0101-09,0.35
693,s514,0101-09,0.23
694,s11,0101-09,0.36
695,s515,0101-09,0.29
696,s516,0101-09,0.49
697,s517,0101-09,0.37
698,s518,0101-09,0.41
699,s1,0101-10,0.0
700,s166,0101-10,0.79
701,s519,0101-10,0.28
702,s520,0101-10,0.28
703,s521,0101-10,0.28
704,s522,0101-10,0.15
705,s523,0101-10,0.25
706,s524,0101-10,0.28
707,s525,0101-10,0.17
708,s526,0101-10,0.5
709,s288,0101-10,0.34
710,s527,0101-10,0.42
711,s1,0101-11,0.0
712,s528,0101-11,0.72
713,s529,0101-11,0.89
714,s530,0101-11,0.71
715,s170,0101-11,0.69
716,s114,0101-11,0.39
717,s418,0101-11,0.54
718,s171,0101-11,0.94
719,s531,0101-11,0.36
720,s218,0101-11,0.59
721,s532,0101-11,0.5
722,s533,0101-11,0.35
723,s177,0101-11,0.74
724,s534,0101-11,0.53
725,s535,0101-11,0.33
726,s536,0101-11,0.51
727,s537,0101-11,0.43
728,s224,0101-11,0.59
729,s538,0101-11,0.52
730,s183,0101-11,0.73
731,s332,0101-11,0.43
732,s185,0101-11,0.33
733,s539,0101-11,0.45
734,s540,0101-11,0.36
735,s541,0101-11,0.19
736,s542,0101-11,0.47
737,s543,0101-11,0.17
738,s544,0101-11,0.7
739,s1,0101-12,0.0
740,s166,0101-12,0.8
741,s167,0101-12,0.67
742,s109,0101-12,0.21
743,s111,0101-12,0.39
744,s168,0101-12,0.32
745,s169,0101-12,0.34
746,s170,0101-12,0.35
747,s114,0101-12,0.41
748,s545,0101-12,0.4
749,s546,0101-12,0.17
750,s547,0101-12,0.21
751,s548,0101-12,0.24
752,s549,0101-12,0.24
753,s550,0101-12,0.34
754,s1,0101-13,0.0
755,s3,0101-13,0.8
756,s4,0101-13,0.7
757,s5,0101-13,0.91
758,s31,0101-13,0.84
759,s32,0101-13,0.76
760,s33,0101-13,0.77
761,s34,0101-13,0.4
762,s35,0101-13,0.35
763,s36,0101-13,0.53
764,s37,0101-13,0.69
765,s554,0101-13,0.19
766,s555,0101-13,0.66
767,s339,0101-13,0.59
768,s556,0101-13,0.35
769,s557,0101-13,0.56
770,s558,0101-13,0.36
771,s559,0101-13,0.51
772,s560,0101-13,0.67
773,s561,0101-13,0.46
774,s562,0101-13,0.22
775,s563,0101-13,0.44
776,s564,0101-13,0.57
777,s565,0101-13,0.47
778,s566,0101-13,0.44
779,s1,0101-14,0.0
780,s3,0101-14,0.82
781,s4,0101-14,0.74
782,s5,0101-14,0.79
783,s374,0101-14,0.7
784,s568,0101-14,0.53
785,s375,0101-14,0.64
786,s569,0101-14,0.43
787,s376,0101-14,0.54
788,s570,0101-14,0.19
789,s571,0101-14,0.4
790,s572,0101-14,0.37
791,s573,0101-14,0.51
792,s574,0101-14,0.56
793,s575,0101-14,0.42
794,s576,0101-14,0.54
795,s577,0101-14,0.25
796,s578,0101-14,0.43
797,s1,0101-15,0.0
798,s3,0101-15,0.82
799,s4,0101-15,0.74
800,s5,0101-15,0.79
801,s579,0101-15,0.7
802,s375,0101-15,1.17
803,s580,0101-15,0.43
804,s376,0101-15,0.54
805,s581,0101-15,0.19
806,s378,0101-15,0.4
807,s379,0101-15,1.17
808,s582,0101-15,0.26
809,s583,0101-15,0.25
810,s381,0101-15,0.67
811,s584,0101-15,0.33
812,s585,0101-15,0.43
813,s586,0101-15,0.53
814,s587,0101-15,0.57
815,s588,0101-15,0.5
816,s589,0101-15,0.59
817,s590,0101-15,0.48
818,s414,0101-15,0.41
819,s288,0101-15,0.25
820,s591,0101-15,0.32
821,s592,0101-15,0.52
822,s1,0101-16,0.0
823,s166,0101-16,0.77
824,s167,0101-16,0.67
825,s109,0101-16,0.2
826,s111,0101-16,0.4
827,s168,0101-16,0.31
828,s169,0101-16,0.42
829,s170,0101-16,0.28
830,s593,0101-16,0.39
831,s418,0101-16,0.54
832,s116,0101-16,0.53
833,s171,0101-16,0.44
834,s172,0101-16,0.33
835,s218,0101-16,0.34
836,s174,0101-16,0.25
837,s594,0101-16,0.53
838,s220,0101-16,0.33
839,s177,0101-16,0.76
840,s595,0101-16,0.31
841,s596,0101-16,0.3
842,s597,0101-16,0.25
843,s598,0101-16,0.44
844,s599,0101-16,0.34
845,s600,0101-16,0.23
846,s601,0101-16,0.35
847,s602,0101-16,0.23
848,s603,0101-16,0.3
849,s1,0101-17,0.0
850,s166,0101-17,0.77
851,s167,0101-17,0.67
852,s109,0101-17,0.2
853,s168,0101-17,0.71
854,s169,0101-17,0.42
855,s170,0101-17,0.28
856,s114,0101-17,0.39
857,s216,0101-17,0.54
858,s116,0101-17,0.53
859,s171,0101-17,0.44
860,s172,0101-17,0.33
861,s604,0101-17,0.44
862,s120,0101-17,0.45
863,s605,0101-17,0.22
864,s606,0101-17,0.32
865,s607,0101-17,0.2
866,s608,0101-17,0.36
867,s609,0101-17,0.2
868,s610,0101-17,0.24
869,s601,0101-17,0.31
870,s611,0101-17,0.23
871,s603,0101-17,0.3
872,s1,0101-18,0.0
873,s166,0101-18,0.77
874,s167,0101-18,0.67
875,s109,0101-18,0.2
876,s111,0101-18,0.4
877,s530,0101-18,0.31
878,s169,0101-18,0.42
879,s170,0101-18,0.28
880,s593,0101-18,0.39
881,s216,0101-18,0.54
882,s116,0101-18,0.53
883,s171,0101-18,0.44
884,s172,0101-18,0.33
885,s218,0101-18,0.34
886,s612,0101-18,0.25
887,s594,0101-18,0.53
888,s220,0101-18,0.33
889,s613,0101-18,0.76
890,s614,0101-18,0.31
891,s615,0101-18,0.38
892,s616,0101-18,0.33
893,s617,0101-18,0.31
894,s618,0101-18,0.33
895,s619,0101-18,0.32
896,s620,0101-18,0.25
897,s621,0101-18,0.27
898,s603,0101-18,0.4
899,s1,0101-36,0.0
900,s3,0101-36,0.88
901,s4,0101-36,0.63
902,s5,0101-36,0.73
903,s7,0101-36,1.04
904,s8,0101-36,0.82
905,s9,0101-36,0.41
906,s10,0101-36,0.65
907,s622,0101-36,0.68
908,s195,0101-36,0.52
909,s623,0101-36,0.35
910,s624,0101-36,0.61
911,s625,0101-36,0.31
912,s626,0101-36,0.41
913,s627,0101-36,0.54
914,s628,0101-36,0.48
915,s629,0101-36,0.51
916,s630,0101-36,0.47
917,s631,0101-36,0.55
918,s632,0101-36,0.78
919,s633,0101-36,0.34
920,s634,0101-36,0.47
921,s635,0101-36,0.43
922,s636,0101-36,0.66
923,s637,0101-36,1.41
924,s638,0101-36,0.83
925,s639,0101-36,0.55
926,s640,0101-36,0.42
927,s641,0101-36,0.68
928,s642,0101-36,0.43
929,s643,0101-36,0.57
930,s644,0101-36,0.37
931,s645,0101-36,0.43
932,s646,0101-36,0.66
933,s647,0101-36,0.75
934,s648,0101-36,0.99
935,s1,0101-19,0.0
936,s166,0101-19,0.77
937,s167,0101-19,0.69
938,s109,0101-19,0.19
939,s111,0101-19,0.46
940,s168,0101-19,0.29
941,s169,0101-19,0.29
942,s170,0101-19,0.35
943,s114,0101-19,0.38
944,s216,0101-19,0.54
945,s116,0101-19,0.55
946,s419,0101-19,0.41
947,s172,0101-19,0.34
948,s218,0101-19,0.4
949,s174,0101-19,0.24
950,s458,0101-19,0.41
951,s220,0101-19,0.41
952,s177,0101-19,0.74
953,s502,0101-19,0.25
954,s534,0101-19,0.17
955,s649,0101-19,0.4
956,s222,0101-19,0.55
957,s650,0101-19,0.33
958,s651,0101-19,0.62
959,s652,0101-19,0.18
960,s653,0101-19,0.42
961,s654,0101-19,0.56
962,s655,0101-19,0.41
963,s656,0101-19,0.45
964,s657,0101-19,0.61
965,s658,0101-19,0.54
966,s659,0101-19,0.69
967,s193,0101-19,0.39
968,s660,0101-19,0.17
969,s661,0101-19,0.12
970,s662,0101-19,0.49
971,s663,0101-19,0.47
972,s664,0101-19,0.44
973,s72,0101-19,0.28
974,s665,0101-19,0.24
975,s666,0101-19,0.29
976,s667,0101-19,0.21
977,s668,0101-19,0.42
978,s669,0101-19,0.55
979,s670,0101-19,0.29
980,s233,0101-19,0.45
981,s671,0101-19,0.4
982,s235,0101-19,0.33
983,s236,0101-19,0.89
984,s672,0101-19,0.84
985,s673,0101-19,0.52
986,s239,0101-19,1.09
987,s674,0101-19,0.33
988,s675,0101-19,0.46
989,s676,0101-19,0.3
990,s677,0101-19,0.89
991,s678,0101-19,0.5
992,s679,0101-20,0.0
993,s3,0101-20,0.9
994,s4,0101-20,0.63
995,s680,0101-20,0.73
996,s681,0101-20,1.03
997,s497,0101-20,0.23
998,s8,0101-20,0.82
999,s9,0101-20,0.41
1000,s682,0101-20,0.66
1001,s622,0101-20,0.68
1002,s195,0101-20,0.52
1003,s623,0101-20,0.34
1004,s624,0101-20,0.49
1005,s684,0101-20,0.44
1006,s626,0101-20,0.37
1007,s685,0101-20,0.29
1008,s686,0101-20,0.4
1009,s687,0101-20,0.46
1010,s688,0101-20,1.13
1011,s689,0101-20,0.37
1012,s690,0101-20,0.39
1013,s691,0101-20,0.29
1014,s692,0101-20,0.68
1015,s693,0101-20,0.26
1016,s628,0101-20,0.59
1017,s694,0101-20,0.54
1018,s694,0101-20,0.37
1019,s695,0101-20,0.3
1020,s696,0101-20,0.3
1021,s697,0101-20,0.23
1022,s1,0101-21,0.0
1023,s528,0101-21,0.76
1024,s414,0101-21,0.68
1025,s109,0101-21,0.21
1026,s111,0101-21,0.33
1027,s168,0101-21,0.39
1028,s169,0101-21,0.32
1029,s170,0101-21,0.35
1030,s114,0101-21,0.38
1031,s418,0101-21,0.54
1032,s116,0101-21,0.55
1033,s171,0101-21,0.41
1034,s172,0101-21,0.34
1035,s218,0101-21,0.34
1036,s457,0101-21,0.27
1037,s698,0101-21,0.28
1038,s594,0101-21,0.17
1039,s220,0101-21,0.36
1040,s177,0101-21,0.77
1041,s502,0101-21,0.27
1042,s534,0101-21,0.17
1043,s649,0101-21,0.43
1044,s222,0101-21,0.52
1045,s650,0101-21,0.34
1046,s700,0101-21,0.59
1047,s424,0101-21,0.2
1048,s701,0101-21,0.42
1049,s702,0101-21,0.56
1050,s703,0101-21,0.41
1051,s704,0101-21,0.45
1052,s288,0101-21,0.31
1053,s705,0101-21,0.35
1054,s706,0101-21,0.49
1055,s658,0101-21,0.23
1056,s707,0101-21,0.47
1057,s1,0101-38,0.0
1058,s3,0101-38,0.89
1059,s4,0101-38,0.69
1060,s5,0101-38,0.88
1061,s31,0101-38,0.75
1062,s32,0101-38,0.86
1063,s33,0101-38,0.76
1064,s34,0101-38,0.39
1065,s35,0101-38,0.44
1066,s36,0101-38,0.45
1067,s37,0101-38,0.71
1068,s270,0101-38,0.27
1069,s271,0101-38,0.55
1070,s77,0101-38,0.62
1071,s78,0101-38,0.34
1072,s714,0101-38,0.51
1073,s715,0101-38,0.39
1074,s44,0101-38,0.54
1075,s274,0101-38,0.74
1076,s82,0101-38,0.43
1077,s716,0101-38,0.23
1078,s717,0101-38,0.63
1079,s718,0101-38,1.19
1080,s276,0101-38,0.66
1081,s87,0101-38,0.29
1082,s52,0101-38,0.53
1083,s53,0101-38,0.6
1084,s88,0101-38,0.47
1085,s719,0101-38,0.4
1086,s720,0101-38,0.75
1087,s721,0101-38,0.52
1088,s722,0101-38,0.72
1089,s723,0101-38,0.37
1090,s93,0101-38,1.12
1091,s724,0101-38,0.19
1092,s725,0101-38,0.66
1093,s95,0101-38,0.87
1094,s726,0101-38,0.68
1095,s727,0101-38,0.59
1096,s728,0101-38,0.89
1097,s729,0101-38,0.58
1098,s730,0101-38,0.58
1099,s731,0101-38,0.68
1100,s732,0101-38,0.44
1101,s733,0101-38,0.42
1102,s734,0101-38,0.32
1103,s735,0101-38,0.41
1104,s1,0101-22,0.0
1105,s141,0101-22,0.28
1106,s142,0101-22,0.51
1107,s143,0101-22,0.25
1108,s144,0101-22,0.26
1109,s145,0101-22,0.4
1110,s146,0101-22,0.3
1111,s147,0101-22,0.28
1112,s148,0101-22,0.21
1113,s149,0101-22,0.22
1114,s12,0101-22,1.06
1115,s150,0101-22,0.36
1116,s151,0101-22,0.35
1117,s152,0101-22,0.43
1118,s153,0101-22,0.47
1119,s154,0101-22,0.31
1120,s155,0101-22,0.34
1121,s156,0101-22,0.2
1122,s157,0101-22,0.32
1123,s158,0101-22,0.23
1124,s159,0101-22,0.76
1125,s160,0101-22,0.39
1126,s161,0101-22,0.38
1127,s162,0101-22,0.29
1128,s163,0101-22,0.32
1129,s164,0101-22,0.34
1130,s165,0101-22,0.27
1131,s1,0101-30,0.0
1132,s736,0101-30,0.86
1133,s143,0101-30,0.59
1134,s738,0101-30,0.79
1135,s739,0101-30,0.61
1136,s740,0101-30,1.15
1137,s741,0101-30,1.15
1138,s742,0101-30,0.9
1139,s743,0101-30,0.38
1140,s22,0101-30,0.4
1141,s414,0101-30,1.02
1142,s744,0101-30,1.1
1143,s745,0101-30,0.76
1144,s609,0101-30,0.12
1145,s747,0101-30,0.56
1146,s748,0101-30,0.52
1147,s749,0101-30,0.34
1148,s750,0101-30,0.63
1149,s751,0101-30,0.59
1150,s752,0101-30,0.83
1151,s753,0101-30,1.21
1152,s754,0101-30,2.4
1153,s755,0101-30,0.4
1154,s756,0101-30,0.6
1155,s757,0101-30,0.64
1156,s26,0132-01,0.0
1157,s758,0132-01,0.86
1158,s24,0132-01,0.42
1159,s23,0132-01,0.41
1160,s22,0132-01,0.31
1161,s21,0132-01,0.28
1162,s20,0132-01,0.27
1163,s19,0132-01,0.11
1164,s18,0132-01,0.18
1165,s17,0132-01,0.4
1166,s16,0132-01,0.17
1167,s759,0132-01,0.29
1168,s14,0132-01,0.39
1169,s13,0132-01,0.38
1170,s11,0132-01,0.59
1171,s10,0132-01,0.48
1172,s9,0132-01,0.34
1173,s8,0132-01,0.4
1174,s7,0132-01,1.13
1175,s5,0132-01,0.65
1176,s5,0132-01,0.38
1177,s4,0132-01,0.59
1178,s2,0132-01,1.02
1179,s1,0132-01,0.62
1180,s72,0127-01,0.0
1181,s761,0127-01,0.43
1182,s70,0127-01,0.5
1183,s68,0127-01,0.65
1184,s67,0127-01,0.27
1185,s9,0127-01,0.17
1186,s66,0127-01,0.27
1187,s65,0127-01,0.34
1188,s64,0127-01,0.33
1189,s63,0127-01,0.24
1190,s62,0127-01,0.62
1191,s61,0127-01,0.3
1192,s762,0127-01,0.31
1193,s59,0127-01,0.19
1194,s763,0127-01,0.36
1195,s57,0127-01,0.51
1196,s502,0127-01,0.15
1197,s55,0127-01,0.53
1198,s54,0127-01,0.44
1199,s53,0127-01,0.53
1200,s52,0127-01,0.68
1201,s432,0127-01,0.49
1202,s50,0127-01,0.33
1203,s49,0127-01,0.67
1204,s48,0127-01,0.43
1205,s83,0127-01,0.7
1206,s46,0127-01,0.29
1207,s764,0127-01,0.38
1208,s351,0127-01,0.84
1209,s765,0127-01,0.52
1210,s766,0127-01,0.34
1211,s41,0127-01,0.55
1212,s40,0127-01,0.38
1213,s39,0127-01,0.61
1214,s38,0127-01,0.61
1215,s37,0127-01,0.37
1216,s36,0127-01,0.77
1217,s35,0127-01,0.25
1218,s34,0127-01,0.43
1219,s33,0127-01,0.56
1220,s32,0127-01,0.58
1221,s31,0127-01,0.67
1222,s30,0127-01,0.43
1223,s5,0127-01,0.28
1224,s29,0127-01,0.37
1225,s4,0127-01,0.61
1226,s2,0127-01,1.07
1227,s1,0127-01,0.6
1228,s107,0134-01,0.0
1229,s106,0134-01,0.61
1230,s105,0134-01,0.65
1231,s104,0134-01,0.8
1232,s769,0134-01,0.83
1233,s770,0134-01,0.59
1234,s101,0134-01,0.69
1235,s100,0134-01,0.34
1236,s771,0134-01,0.44
1237,s99,0134-01,0.36
1238,s99,0134-01,0.44
1239,s96,0134-01,0.81
1240,s95,0134-01,1.01
1241,s725,0134-01,0.84
1242,s93,0134-01,0.79
1243,s723,0134-01,1.1
1244,s721,0134-01,1.05
1245,s90,0134-01,0.58
1246,s89,0134-01,0.78
1247,s88,0134-01,0.36
1248,s53,0134-01,0.38
1249,s52,0134-01,0.68
1250,s772,0134-01,0.51
1251,s773,0134-01,0.3
1252,s85,0134-01,0.69
1253,s84,0134-01,0.58
1254,s83,0134-01,0.58
1255,s82,0134-01,0.23
1256,s81,0134-01,0.43
1257,s80,0134-01,0.84
1258,s774,0134-01,0.49
1259,s42,0134-01,0.35
1260,s78,0134-01,0.54
1261,s77,0134-01,0.38
1262,s76,0134-01,0.69
1263,s270,0134-01,0.54
1264,s37,0134-01,0.37
1265,s36,0134-01,0.78
1266,s34,0134-01,0.66
1267,s33,0134-01,0.59
1268,s32,0134-01,0.51
1269,s31,0134-01,0.78
1270,s5,0134-01,0.5
1271,s775,0134-01,0.14
1272,s776,0134-01,0.43
1273,s4,0134-01,0.63
1274,s2,0134-01,0.91
1275,s1,0134-01,0.71
1276,s165,0102-01,0.0
1277,s777,0102-01,0.33
1278,s163,0102-01,0.33
1279,s162,0102-01,0.34
1280,s161,0102-01,0.28
1281,s160,0102-01,0.37
1282,s159,0102-01,0.41
1283,s158,0102-01,0.84
1284,s778,0102-01,0.15
1285,s779,0102-01,0.34
1286,s155,0102-01,0.19
1287,s780,0102-01,0.32
1288,s153,0102-01,0.33
1289,s152,0102-01,0.59
1290,s151,0102-01,0.51
1291,s150,0102-01,0.38
1292,s12,0102-01,0.34
1293,s781,0102-01,0.88
1294,s148,0102-01,0.4
1295,s147,0102-01,0.22
1296,s782,0102-01,0.32
1297,s145,0102-01,0.27
1298,s144,0102-01,0.41
1299,s143,0102-01,0.28
1300,s142,0102-01,0.2
1301,s141,0102-01,0.52
1302,s1,0102-01,0.29
1303,s200,0122-01,0.0
1304,s199,0122-01,0.14
1305,s198,0122-01,0.27
1306,s197,0122-01,0.66
1307,s196,0122-01,0.38
1308,s195,0122-01,0.52
1309,s194,0122-01,0.55
1310,s193,0122-01,0.34
1311,s192,0122-01,0.79
1312,s191,0122-01,0.9
1313,s190,0122-01,0.3
1314,s189,0122-01,0.45
1315,s188,0122-01,0.2
1316,s187,0122-01,0.38
1317,s186,0122-01,0.26
1318,s185,0122-01,1.53
1319,s184,0122-01,0.08
1320,s183,0122-01,0.75
1321,s182,0122-01,1.22
1322,s181,0122-01,0.57
1323,s180,0122-01,0.42
1324,s179,0122-01,0.5
1325,s178,0122-01,0.45
1326,s177,0122-01,0.41
1327,s176,0122-01,0.79
1328,s175,0122-01,0.3
1329,s174,0122-01,0.55
1330,s173,0122-01,0.21
1331,s783,0122-01,0.35
1332,s171,0122-01,0.31
1333,s116,0122-01,0.48
1334,s115,0122-01,0.59
1335,s114,0122-01,0.44
1336,s170,0122-01,0.41
1337,s169,0122-01,0.34
1338,s451,0122-01,0.36
1339,s111,0122-01,0.24
1340,s784,0122-01,0.38
1341,s167,0122-01,0.43
1342,s166,0122-01,0.29
1343,s1,0122-01,0.99
1344,s214,0124-01,0.0
1345,s213,0124-01,0.31
1346,s785,0124-01,0.24
1347,s211,0124-01,0.13
1348,s152,0124-01,0.6
1349,s786,0124-01,0.23
1350,s151,0124-01,0.28
1351,s787,0124-01,0.37
1352,s147,0124-01,0.36
1353,s788,0124-01,0.14
1354,s204,0124-01,0.18
1355,s203,0124-01,0.55
1356,s202,0124-01,0.42
1357,s790,0124-01,0.38
1358,s145,0124-01,0.25
1359,s143,0124-01,0.42
1360,s201,0124-01,0.3
1361,s142,0124-01,0.27
1362,s141,0124-01,0.39
1363,s1,0124-01,0.5
1364,s791,0128-01,0.0
1365,s265,0128-01,0.8
1366,s264,0128-01,1.26
1367,s570,0128-01,0.39
1368,s262,0128-01,0.68
1369,s261,0128-01,0.36
1370,s260,0128-01,0.58
1371,s259,0128-01,0.67
1372,s792,0128-01,0.87
1373,s257,0128-01,1.02
1374,s256,0128-01,0.37
1375,s255,0128-01,1.14
1376,s254,0128-01,0.89
1377,s253,0128-01,0.47
1378,s793,0128-01,0.36
1379,s251,0128-01,0.36
1380,s250,0128-01,0.51
1381,s249,0128-01,1.2
1382,s794,0128-01,0.63
1383,s794,0128-01,0.51
1384,s549,0128-01,0.21
1385,s245,0128-01,0.55
1386,s795,0128-01,0.84
1387,s243,0128-01,0.79
1388,s796,0128-01,0.37
1389,s797,0128-01,0.66
1390,s240,0128-01,0.47
1391,s239,0128-01,0.68
1392,s798,0128-01,0.58
1393,s238,0128-01,0.53
1394,s672,0128-01,0.45
1395,s236,0128-01,0.78
1396,s235,0128-01,0.55
1397,s234,0128-01,0.38
1398,s233,0128-01,0.43
1399,s232,0128-01,0.63
1400,s231,0128-01,0.2
1401,s799,0128-01,0.39
1402,s229,0128-01,0.31
1403,s228,0128-01,0.57
1404,s227,0128-01,0.5
1405,s800,0128-01,0.38
1406,s226,0128-01,0.32
1407,s183,0128-01,0.42
1408,s801,0128-01,0.74
1409,s224,0128-01,0.54
1410,s223,0128-01,0.59
1411,s222,0128-01,0.43
1412,s221,0128-01,0.59
1413,s502,0128-01,0.52
1414,s177,0128-01,0.24
1415,s220,0128-01,0.79
1416,s175,0128-01,0.28
1417,s218,0128-01,0.74
1418,s172,0128-01,0.35
1419,s217,0128-01,0.32
1420,s116,0128-01,0.48
1421,s216,0128-01,0.46
1422,s593,0128-01,0.6
1423,s170,0128-01,0.39
1424,s169,0128-01,0.32
1425,s168,0128-01,0.31
1426,s168,0128-01,0.02
1427,s109,0128-01,0.63
1428,s167,0128-01,0.37
1429,s166,0128-01,0.38
1430,s1,0128-01,0.95
1431,s289,0125-01,0.0
1432,s288,0125-01,0.44
1433,s287,0125-01,0.3
1434,s286,0125-01,0.42
1435,s802,0125-01,1.02
1436,s284,0125-01,0.44
1437,s803,0125-01,0.55
1438,s282,0125-01,0.41
1439,s281,0125-01,0.47
1440,s804,0125-01,0.45
1441,s279,0125-01,0.36
1442,s278,0125-01,0.53
1443,s277,0125-01,0.7
1444,s87,0125-01,0.48
1445,s276,0125-01,0.51
1446,s85,0125-01,0.48
1447,s275,0125-01,0.62
1448,s83,0125-01,0.55
1449,s82,0125-01,0.25
1450,s274,0125-01,0.43
1451,s44,0125-01,0.81
1452,s273,0125-01,0.21
1453,s42,0125-01,0.62
1454,s78,0125-01,0.57
1455,s77,0125-01,0.34
1456,s271,0125-01,0.62
1457,s270,0125-01,0.54
1458,s37,0125-01,0.37
1459,s36,0125-01,0.75
1460,s35,0125-01,0.26
1461,s34,0125-01,0.42
1462,s33,0125-01,0.59
1463,s32,0125-01,0.55
1464,s31,0125-01,0.83
1465,s806,0125-01,0.44
1466,s807,0125-01,0.2
1467,s5,0125-01,0.39
1468,s4,0125-01,0.68
1469,s2,0125-01,0.88
1470,s1,0125-01,0.61
1471,s808,0131-01,0.0
1472,s809,0131-01,0.54
1473,s810,0131-01,0.42
1474,s811,0131-01,0.26
1475,s812,0131-01,0.35
1476,s813,0131-01,0.29
1477,s814,0131-01,0.26
1478,s815,0131-01,0.21
1479,s816,0131-01,0.28
1480,s817,0131-01,0.42
1481,s818,0131-01,0.27
1482,s612,0131-01,0.24
1483,s819,0131-01,0.37
1484,s270,0131-01,0.62
1485,s37,0131-01,0.35
1486,s36,0131-01,0.74
1487,s35,0131-01,0.64
1488,s34,0131-01,0.37
1489,s33,0131-01,0.29
1490,s32,0131-01,0.54
1491,s31,0131-01,0.8
1492,s30,0131-01,0.48
1493,s821,0131-01,0.3
1494,s5,0131-01,0.3
1495,s4,0131-01,0.56
1496,s2,0131-01,0.98
1497,s1,0131-01,0.62
1498,s347,0123-01,0.0
1499,s346,0123-01,0.85
1500,s822,0123-01,0.25
1501,s823,0123-01,0.47
1502,s343,0123-01,0.31
1503,s342,0123-01,0.18
1504,s824,0123-01,0.22
1505,s825,0123-01,0.35
1506,s826,0123-01,0.39
1507,s339,0123-01,0.24
1508,s338,0123-01,0.55
1509,s56,0123-01,0.31
1510,s827,0123-01,0.52
1511,s828,0123-01,0.31
1512,s829,0123-01,0.53
1513,s192,0123-01,0.24
1514,s332,0123-01,0.28
1515,s830,0123-01,0.46
1516,s831,0123-01,0.26
1517,s831,0123-01,0.23
1518,s832,0123-01,0.14
1519,s833,0123-01,0.17
1520,s323,0123-01,0.56
1521,s326,0123-01,0.3
1522,s238,0123-01,0.78
1523,s834,0123-01,0.49
1524,s236,0123-01,0.83
1525,s324,0123-01,0.52
1526,s323,0123-01,0.53
1527,s322,0123-01,0.76
1528,s321,0123-01,0.48
1529,s835,0123-01,0.49
1530,s836,0123-01,0.7
1531,s318,0123-01,0.47
1532,s317,0123-01,0.58
1533,s315,0123-01,0.39
1534,s316,0123-01,0.16
1535,s314,0123-01,0.62
1536,s313,0123-01,0.64
1537,s312,0123-01,0.43
1538,s311,0123-01,0.85
1539,s310,0123-01,0.46
1540,s837,0123-01,0.06
1541,s838,0123-01,0.31
1542,s839,0123-01,0.33
1543,s133,0123-01,0.85
1544,s308,0123-01,0.43
1545,s135,0123-01,0.51
1546,s136,0123-01,0.28
1547,s840,0123-01,0.35
1548,s841,0123-01,0.62
1549,s139,0123-01,0.29
1550,s139,0123-01,0.26
1551,s1,0123-01,0.53
1552,s441,0126-01,0.0
1554,s843,0126-01,1.57
1555,s844,0126-01,0.26
1556,s63,0126-01,0.32
1557,s62,0126-01,0.61
1558,s61,0126-01,0.3
1559,s762,0126-01,0.3
1560,s59,0126-01,0.19
1561,s763,0126-01,0.36
1562,s845,0126-01,0.51
1563,s846,0126-01,0.38
1564,s53,0126-01,1.25
1565,s52,0126-01,0.69
1566,s432,0126-01,0.49
1567,s847,0126-01,0.33
1568,s49,0126-01,0.67
1569,s48,0126-01,0.43
1570,s83,0126-01,0.69
1571,s46,0126-01,0.29
1572,s764,0126-01,0.38
1573,s351,0126-01,0.84
1574,s765,0126-01,0.52
1575,s766,0126-01,0.34
1576,s41,0126-01,0.55
1577,s40,0126-01,0.36
1578,s39,0126-01,0.55
1579,s38,0126-01,0.61
1580,s37,0126-01,0.37
1581,s36,0126-01,0.76
1582,s35,0126-01,0.25
1583,s34,0126-01,0.43
1584,s33,0126-01,0.56
1585,s32,0126-01,0.59
1586,s31,0126-01,0.73
1587,s30,0126-01,0.43
1588,s5,0126-01,0.28
1589,s29,0126-01,0.38
1590,s4,0126-01,0.6
1591,s2,0126-01,1.08
1592,s1,0126-01,0.7
1593,s372,0129-01,0.0
1594,s371,0129-01,0.37
1595,s369,0129-01,0.33
1596,s849,0129-01,0.53
1597,s850,0129-01,0.24
1598,s366,0129-01,0.31
1599,s851,0129-01,0.4
1600,s487,0129-01,0.47
1601,s363,0129-01,0.25
1602,s362,0129-01,0.35
1603,s361,0129-01,0.23
1604,s360,0129-01,0.34
1605,s359,0129-01,0.3
1606,s358,0129-01,0.2
1607,s357,0129-01,0.31
1608,s1,0129-01,0.69
1609,s413,0103-01,0.0
1610,s412,0103-01,0.2
1611,s411,0103-01,0.38
1612,s410,0103-01,0.71
1613,s410,0103-01,0.33
1614,s852,0103-01,0.77
1615,s408,0103-01,0.42
1616,s407,0103-01,0.38
1617,s406,0103-01,0.49
1618,s853,0103-01,0.99
1619,s404,0103-01,1.05
1620,s403,0103-01,0.27
1621,s854,0103-01,0.79
1622,s106,0103-01,0.97
1623,s855,0103-01,0.32
1624,s399,0103-01,1.18
1625,s398,0103-01,1.17
1626,s397,0103-01,0.4
1627,s395,0103-01,0.81
1628,s396,0103-01,0.51
1629,s856,0103-01,0.37
1630,s394,0103-01,1.19
1631,s392,0103-01,1.38
1632,s391,0103-01,0.32
1633,s857,0103-01,0.88
1634,s389,0103-01,0.67
1635,s388,0103-01,0.38
1636,s387,0103-01,0.67
1637,s858,0103-01,0.4
1638,s385,0103-01,1.11
1639,s384,0103-01,0.72
1640,s383,0103-01,0.63
1641,s382,0103-01,0.73
1642,s381,0103-01,0.54
1643,s380,0103-01,0.61
1644,s859,0103-01,0.47
1645,s378,0103-01,1.09
1646,s376,0103-01,0.91
1647,s375,0103-01,1.1
1648,s30,0103-01,1.19
1649,s5,0103-01,0.63
1650,s4,0103-01,0.65
1651,s2,0103-01,0.94
1652,s1,0103-01,0.57
1653,s425,0104-01,0.0
1654,s861,0104-01,0.39
1655,s862,0104-01,0.21
1656,s863,0104-01,0.47
1657,s424,0104-01,0.17
1658,s864,0104-01,0.97
1659,s178,0104-01,0.53
1660,s865,0104-01,0.33
1661,s177,0104-01,0.52
1662,s866,0104-01,0.8
1663,s867,0104-01,0.26
1664,s173,0104-01,0.5
1665,s172,0104-01,0.62
1666,s419,0104-01,0.3
1667,s116,0104-01,0.44
1668,s418,0104-01,0.54
1669,s114,0104-01,0.57
1670,s417,0104-01,0.4
1671,s169,0104-01,0.31
1672,s215,0104-01,0.32
1673,s415,0104-01,0.35
1674,s109,0104-01,0.3
1675,s414,0104-01,0.43
1676,s357,0104-01,0.32
1677,s1,0104-01,0.93
1678,s95,0105-01,0.0
1679,s868,0105-01,0.83
1680,s537,0105-01,1.04
1681,s447,0105-01,0.24
1682,s446,0105-01,0.79
1683,s869,0105-01,0.52
1684,s444,0105-01,0.55
1685,s870,0105-01,0.58
1686,s871,0105-01,0.61
1687,s441,0105-01,0.59
1688,s873,0105-01,0.55
1689,s874,0105-01,0.57
1690,s438,0105-01,0.3
1691,s875,0105-01,0.32
1692,s876,0105-01,0.33
1693,s435,0105-01,0.31
1694,s433,0105-01,0.87
1695,s53,0105-01,1.74
1696,s432,0105-01,1.13
1697,s847,0105-01,0.33
1698,s49,0105-01,0.64
1699,s83,0105-01,1.18
1700,s82,0105-01,0.24
1701,s430,0105-01,0.43
1702,s877,0105-01,0.85
1703,s876,0105-01,0.82
1704,s41,0105-01,0.56
1705,s40,0105-01,0.35
1706,s878,0105-01,0.62
1707,s38,0105-01,0.55
1708,s37,0105-01,0.37
1709,s36,0105-01,0.76
1710,s34,0105-01,0.7
1711,s33,0105-01,0.58
1712,s32,0105-01,0.54
1713,s879,0105-01,0.8
1714,s30,0105-01,0.47
1715,s5,0105-01,0.57
1716,s4,0105-01,0.63
1717,s2,0105-01,0.93
1718,s1,0105-01,0.66
1719,s470,0133-01,0.0
1720,s469,0133-01,0.44
1721,s468,0133-01,0.6
1722,s467,0133-01,0.55
1723,s880,0133-01,0.61
1724,s465,0133-01,0.42
1725,s881,0133-01,0.48
1726,s463,0133-01,0.32
1727,s462,0133-01,0.57
1728,s461,0133-01,0.34
1729,s460,0133-01,0.39
1730,s459,0133-01,0.26
1731,s220,0133-01,1.02
1732,s458,0133-01,0.27
1733,s882,0133-01,0.17
1734,s456,0133-01,0.24
1735,s531,0133-01,0.41
1736,s171,0133-01,0.3
1737,s116,0133-01,0.48
1738,s453,0133-01,0.47
1739,s114,0133-01,0.6
1740,s452,0133-01,0.38
1741,s883,0133-01,0.37
1742,s168,0133-01,0.27
1743,s111,0133-01,0.43
1744,s109,0133-01,0.22
1745,s167,0133-01,0.28
1746,s166,0133-01,0.47
1747,s1,0133-01,0.94
1748,s481,0106-01,0.0
1749,s480,0106-01,0.24
1750,s479,0106-01,0.54
1751,s478,0106-01,0.38
1752,s99,0106-01,0.36
1753,s52,0106-01,0.49
1754,s66,0106-01,0.53
1755,s276,0106-01,0.29
1756,s85,0106-01,0.67
1757,s275,0106-01,0.43
1758,s83,0106-01,0.69
1759,s477,0106-01,0.29
1760,s476,0106-01,0.38
1761,s80,0106-01,0.84
1762,s475,0106-01,0.52
1763,s42,0106-01,0.34
1764,s41,0106-01,0.55
1765,s77,0106-01,0.36
1766,s271,0106-01,0.55
1767,s270,0106-01,0.61
1768,s37,0106-01,0.37
1769,s36,0106-01,0.76
1770,s35,0106-01,0.25
1771,s34,0106-01,0.43
1772,s33,0106-01,0.56
1773,s32,0106-01,0.59
1774,s31,0106-01,0.73
1775,s30,0106-01,0.43
1776,s5,0106-01,0.66
1777,s4,0106-01,0.6
1778,s2,0106-01,1.08
1779,s1,0106-01,0.7
1780,s491,0107-01,0.0
1781,s490,0107-01,0.35
1782,s489,0107-01,0.26
1783,s488,0107-01,0.41
1784,s487,0107-01,0.43
1785,s486,0107-01,0.28
1786,s289,0107-01,0.36
1787,s485,0107-01,0.22
1788,s484,0107-01,0.33
1789,s483,0107-01,0.3
1790,s482,0107-01,0.22
1791,s166,0107-01,0.32
1792,s1,0107-01,0.65
1793,s495,0108-01,0.0
1794,s490,0108-01,0.33
1795,s366,0108-01,0.27
1796,s488,0108-01,0.42
1797,s885,0108-01,0.4
1798,s886,0108-01,0.35
1799,s887,0108-01,0.14
1800,s888,0108-01,0.3
1801,s889,0108-01,0.29
1802,s890,0108-01,0.24
1803,s891,0108-01,0.29
1804,s308,0108-01,0.59
1805,s135,0108-01,0.1
1806,s136,0108-01,0.26
1807,s892,0108-01,0.34
1808,s893,0108-01,0.57
1809,s139,0108-01,0.38
1810,s1,0108-01,0.81
1811,s510,0135-01,0.0
1812,s509,0135-01,0.4
1813,s508,0135-01,0.21
1814,s507,0135-01,0.61
1815,s506,0135-01,0.17
1816,s894,0135-01,0.21
1817,s895,0135-01,0.57
1818,s16,0135-01,0.19
1819,s15,0135-01,0.29
1820,s502,0135-01,0.4
1821,s13,0135-01,0.39
1822,s11,0135-01,0.38
1823,s10,0135-01,0.7
1824,s896,0135-01,0.32
1825,s897,0135-01,0.39
1826,s497,0135-01,0.71
1827,s7,0135-01,0.3
1828,s680,0135-01,0.75
1829,s5,0135-01,0.54
1830,s4,0135-01,0.6
1831,s2,0135-01,0.94
1832,s1,0135-01,0.57
1833,s518,0109-01,0.0
1834,s517,0109-01,0.39
1835,s516,0109-01,0.37
1836,s898,0109-01,0.47
1837,s11,0109-01,0.29
1838,s514,0109-01,0.36
1839,s513,0109-01,0.28
1840,s899,0109-01,0.28
1841,s900,0109-01,0.25
1842,s166,0109-01,0.32
1843,s901,0109-01,0.23
1844,s1,0109-01,0.63
1845,s902,0110-01,0.0
1846,s288,0110-01,0.39
1847,s526,0110-01,0.37
1848,s903,0110-01,0.49
1849,s524,0110-01,0.18
1850,s904,0110-01,0.27
1851,s905,0110-01,0.26
1852,s906,0110-01,0.19
1853,s519,0110-01,0.29
1854,s907,0110-01,0.3
1855,s166,0110-01,0.36
1856,s1,0110-01,0.66
1857,s544,0111-01,0.0
1858,s543,0111-01,0.7
1859,s908,0111-01,0.17
1860,s541,0111-01,0.47
1861,s909,0111-01,0.19
1862,s539,0111-01,0.36
1863,s185,0111-01,0.45
1864,s910,0111-01,0.33
1865,s183,0111-01,0.43
1866,s538,0111-01,0.73
1867,s224,0111-01,0.52
1868,s537,0111-01,0.59
1869,s536,0111-01,0.43
1870,s535,0111-01,0.51
1871,s534,0111-01,0.33
1872,s177,0111-01,0.53
1873,s533,0111-01,0.74
1874,s532,0111-01,0.35
1875,s217,0111-01,0.5
1876,s172,0111-01,0.59
1877,s171,0111-01,0.36
1878,s418,0111-01,0.94
1879,s114,0111-01,0.54
1880,s170,0111-01,0.39
1881,s168,0111-01,0.69
1882,s109,0111-01,0.71
1883,s166,0111-01,0.89
1884,s1,0111-01,0.72
1885,s550,0112-01,0.0
1886,s549,0112-01,0.34
1887,s911,0112-01,0.24
1888,s547,0112-01,0.24
1889,s546,0112-01,0.21
1890,s912,0112-01,0.17
1891,s913,0112-01,0.4
1892,s170,0112-01,0.41
1893,s169,0112-01,0.35
1894,s530,0112-01,0.34
1895,s111,0112-01,0.41
1896,s109,0112-01,0.23
1897,s167,0112-01,0.35
1898,s166,0112-01,0.37
1899,s166,0112-01,0.37
1900,s914,0112-01,0.3
1901,s1,0112-01,0.35
1902,s566,0113-01,0.0
1903,s565,0113-01,0.44
1904,s915,0113-01,0.47
1905,s563,0113-01,0.57
1906,s562,0113-01,0.44
1907,s916,0113-01,0.28
1908,s917,0113-01,0.38
1909,s80,0113-01,0.73
1910,s918,0113-01,0.49
1911,s42,0113-01,0.34
1912,s78,0113-01,0.56
1913,s77,0113-01,0.35
1914,s271,0113-01,0.64
1915,s270,0113-01,0.53
1916,s37,0113-01,0.37
1917,s36,0113-01,0.79
1918,s35,0113-01,0.23
1919,s34,0113-01,0.43
1920,s33,0113-01,0.59
1921,s32,0113-01,0.58
1922,s31,0113-01,0.76
1923,s30,0113-01,0.44
1924,s5,0113-01,0.4
1925,s920,0113-01,0.23
1926,s4,0113-01,0.67
1927,s2,0113-01,0.89
1928,s1,0113-01,0.61
1929,s922,0114-01,0.0
1930,s923,0114-01,0.43
1931,s924,0114-01,0.25
1932,s575,0114-01,0.54
1933,s925,0114-01,0.47
1934,s926,0114-01,0.6
1935,s572,0114-01,0.51
1936,s570,0114-01,0.75
1937,s927,0114-01,0.28
1938,s569,0114-01,0.4
1939,s375,0114-01,0.72
1940,s568,0114-01,0.45
1941,s374,0114-01,0.57
1942,s928,0114-01,0.18
1943,s5,0114-01,0.63
1944,s4,0114-01,0.58
1945,s3,0114-01,0.74
1946,s2,0114-01,0.19
1947,s1,0114-01,0.64
1948,s592,0115-01,0.0
1949,s591,0115-01,0.52
1950,s929,0115-01,0.32
1951,s414,0115-01,0.25
1952,s590,0115-01,0.41
1953,s589,0115-01,0.48
1954,s588,0115-01,0.59
1955,s587,0115-01,0.5
1956,s586,0115-01,0.6
1957,s585,0115-01,0.6
1958,s584,0115-01,0.35
1959,s381,0115-01,0.39
1960,s380,0115-01,0.56
1961,s582,0115-01,0.27
1962,s379,0115-01,0.22
1963,s930,0115-01,1.09
1964,s931,0115-01,0.72
1965,s376,0115-01,0.29
1966,s580,0115-01,0.37
1967,s375,0115-01,0.75
1968,s30,0115-01,1.4
1969,s5,0115-01,0.61
1970,s4,0115-01,0.64
1971,s2,0115-01,0.89
1972,s1,0115-01,0.64
1973,s603,0116-01,0.0
1974,s932,0116-01,0.31
1975,s601,0116-01,0.23
1976,s600,0116-01,0.35
1977,s599,0116-01,0.23
1978,s598,0116-01,0.34
1979,s597,0116-01,0.44
1980,s596,0116-01,0.25
1981,s933,0116-01,0.3
1982,s177,0116-01,0.31
1983,s220,0116-01,0.76
1984,s594,0116-01,0.33
1985,s174,0116-01,0.53
1986,s218,0116-01,0.25
1987,s934,0116-01,0.34
1988,s171,0116-01,0.33
1989,s116,0116-01,0.44
1990,s418,0116-01,0.53
1991,s114,0116-01,0.54
1992,s170,0116-01,0.39
1993,s169,0116-01,0.28
1994,s168,0116-01,0.42
1995,s111,0116-01,0.31
1996,s109,0116-01,0.39
1997,s167,0116-01,0.28
1998,s166,0116-01,0.38
1999,s166,0116-01,0.4
2000,s1,0116-01,0.59
2001,s603,0117-01,0.0
2002,s611,0117-01,0.31
2003,s601,0117-01,0.23
2004,s935,0117-01,0.31
2005,s609,0117-01,0.24
2006,s936,0117-01,0.2
2007,s607,0117-01,0.36
2008,s606,0117-01,0.2
2009,s937,0117-01,0.32
2010,s120,0117-01,0.22
2011,s604,0117-01,0.45
2012,s172,0117-01,0.44
2013,s171,0117-01,0.33
2014,s116,0117-01,0.44
2015,s216,0117-01,0.53
2016,s593,0117-01,0.54
2017,s170,0117-01,0.39
2018,s169,0117-01,0.28
2019,s168,0117-01,0.42
2020,s111,0117-01,0.31
2021,s109,0117-01,0.39
2022,s167,0117-01,0.28
2023,s166,0117-01,0.38
2024,s166,0117-01,0.4
2025,s1,0117-01,0.59
2026,s603,0118-01,0.0
2027,s621,0118-01,0.4
2028,s938,0118-01,0.27
2029,s619,0118-01,0.25
2030,s939,0118-01,0.32
2031,s940,0118-01,0.33
2032,s941,0118-01,0.31
2033,s942,0118-01,0.33
2034,s943,0118-01,0.38
2035,s944,0118-01,0.47
2036,s220,0118-01,0.76
2037,s945,0118-01,0.33
2038,s612,0118-01,0.53
2039,s218,0118-01,0.25
2040,s172,0118-01,0.34
2041,s217,0118-01,0.33
2042,s116,0118-01,0.44
2043,s216,0118-01,0.53
2044,s593,0118-01,0.54
2045,s170,0118-01,0.39
2046,s169,0118-01,0.28
2047,s168,0118-01,0.42
2048,s111,0118-01,0.31
2049,s109,0118-01,0.39
2050,s167,0118-01,0.28
2051,s166,0118-01,0.38
2052,s946,0118-01,0.4
2053,s1,0118-01,0.59
2054,s648,0136-01,0.0
2055,s647,0136-01,0.99
2056,s646,0136-01,0.75
2057,s645,0136-01,0.66
2058,s644,0136-01,0.43
2059,s643,0136-01,0.37
2060,s642,0136-01,0.57
2061,s641,0136-01,0.43
2062,s640,0136-01,0.68
2063,s639,0136-01,0.42
2064,s638,0136-01,0.55
2065,s637,0136-01,0.83
2066,s636,0136-01,1.41
2067,s635,0136-01,0.66
2068,s634,0136-01,0.43
2069,s633,0136-01,0.47
2070,s632,0136-01,0.34
2071,s631,0136-01,0.78
2072,s630,0136-01,0.55
2073,s629,0136-01,0.47
2074,s628,0136-01,0.51
2075,s627,0136-01,0.48
2076,s626,0136-01,0.54
2077,s625,0136-01,0.41
2078,s624,0136-01,0.31
2079,s623,0136-01,0.61
2080,s195,0136-01,0.35
2081,s622,0136-01,0.52
2082,s10,0136-01,0.68
2083,s9,0136-01,0.65
2084,s8,0136-01,0.41
2085,s7,0136-01,0.82
2086,s5,0136-01,1.04
2087,s4,0136-01,0.73
2088,s3,0136-01,0.63
2089,s1,0136-01,0.88
2090,s678,0119-01,0.0
2091,s677,0119-01,0.5
2092,s947,0119-01,0.89
2093,s675,0119-01,0.3
2094,s948,0119-01,0.46
2095,s239,0119-01,0.33
2096,s949,0119-01,0.6
2097,s673,0119-01,0.5
2098,s672,0119-01,0.52
2099,s236,0119-01,0.84
2100,s235,0119-01,0.89
2101,s671,0119-01,0.33
2102,s233,0119-01,0.4
2103,s670,0119-01,0.45
2104,s669,0119-01,0.29
2105,s668,0119-01,0.55
2106,s667,0119-01,0.42
2107,s666,0119-01,0.21
2108,s665,0119-01,0.29
2109,s72,0119-01,0.24
2110,s664,0119-01,0.28
2111,s663,0119-01,0.44
2112,s662,0119-01,0.47
2113,s661,0119-01,0.49
2114,s660,0119-01,0.12
2115,s193,0119-01,0.17
2116,s659,0119-01,0.39
2117,s658,0119-01,0.69
2118,s950,0119-01,0.54
2119,s656,0119-01,0.61
2120,s655,0119-01,0.45
2121,s654,0119-01,0.41
2122,s951,0119-01,0.56
2123,s952,0119-01,0.42
2124,s953,0119-01,0.18
2125,s650,0119-01,0.62
2126,s222,0119-01,0.33
2127,s649,0119-01,0.55
2128,s534,0119-01,0.4
2129,s502,0119-01,0.17
2130,s177,0119-01,0.25
2131,s220,0119-01,0.74
2132,s594,0119-01,0.41
2133,s174,0119-01,0.41
2134,s218,0119-01,0.24
2135,s172,0119-01,0.4
2136,s419,0119-01,0.34
2137,s116,0119-01,0.41
2138,s216,0119-01,0.55
2139,s593,0119-01,0.54
2140,s452,0119-01,0.38
2141,s169,0119-01,0.35
2142,s168,0119-01,0.29
2143,s111,0119-01,0.29
2144,s109,0119-01,0.46
2145,s167,0119-01,0.37
2146,s166,0119-01,0.28
2147,s901,0119-01,0.38
2148,s1,0119-01,0.62
2149,s697,0120-01,0.0
2150,s696,0120-01,0.23
2151,s696,0120-01,0.3
2152,s694,0120-01,0.3
2153,s694,0120-01,0.37
2154,s628,0120-01,0.54
2155,s693,0120-01,0.59
2156,s692,0120-01,0.26
2157,s691,0120-01,0.68
2158,s690,0120-01,0.29
2159,s689,0120-01,0.39
2160,s688,0120-01,0.37
2161,s687,0120-01,1.13
2162,s686,0120-01,0.46
2163,s685,0120-01,0.4
2164,s626,0120-01,0.29
2165,s684,0120-01,0.37
2166,s624,0120-01,0.44
2167,s623,0120-01,0.49
2168,s195,0120-01,0.34
2169,s622,0120-01,0.52
2170,s682,0120-01,0.68
2171,s9,0120-01,0.66
2172,s8,0120-01,0.4
2173,s497,0120-01,0.64
2174,s7,0120-01,0.37
2175,s680,0120-01,0.77
2176,s5,0120-01,0.51
2177,s4,0120-01,0.6
2178,s2,0120-01,0.94
2179,s679,0120-01,0.57
2180,s707,0121-01,0.0
2181,s658,0121-01,0.47
2182,s706,0121-01,0.23
2183,s705,0121-01,0.49
2184,s288,0121-01,0.35
2185,s704,0121-01,0.31
2186,s703,0121-01,0.45
2187,s702,0121-01,0.41
2188,s701,0121-01,0.56
2189,s424,0121-01,0.42
2190,s700,0121-01,0.2
2191,s650,0121-01,0.59
2192,s222,0121-01,0.34
2193,s649,0121-01,0.52
2194,s534,0121-01,0.43
2195,s502,0121-01,0.17
2196,s177,0121-01,0.27
2197,s220,0121-01,0.77
2198,s594,0121-01,0.36
2199,s698,0121-01,0.17
2200,s457,0121-01,0.28
2201,s218,0121-01,0.27
2202,s934,0121-01,0.34
2203,s171,0121-01,0.34
2204,s116,0121-01,0.41
2205,s418,0121-01,0.55
2206,s114,0121-01,0.54
2207,s170,0121-01,0.38
2208,s169,0121-01,0.35
2209,s168,0121-01,0.32
2210,s111,0121-01,0.39
2211,s109,0121-01,0.33
2212,s414,0121-01,0.21
2213,s528,0121-01,0.68
2214,s1,0121-01,0.76
2215,s735,0138-01,0.0
2216,s734,0138-01,1.05
2217,s957,0138-01,0.4
2218,s732,0138-01,0.58
2219,s731,0138-01,0.3
2220,s958,0138-01,0.59
2221,s729,0138-01,0.56
2222,s728,0138-01,0.57
2223,s727,0138-01,0.88
2224,s726,0138-01,0.57
2225,s95,0138-01,0.82
2226,s725,0138-01,0.86
2227,s724,0138-01,0.45
2228,s93,0138-01,0.44
2229,s92,0138-01,0.98
2230,s722,0138-01,0.46
2231,s91,0138-01,0.56
2232,s720,0138-01,0.59
2233,s719,0138-01,0.75
2234,s959,0138-01,0.4
2235,s53,0138-01,0.41
2236,s332,0138-01,0.68
2237,s87,0138-01,0.5
2238,s276,0138-01,0.49
2239,s85,0138-01,0.54
2240,s275,0138-01,0.69
2241,s716,0138-01,0.45
2242,s82,0138-01,0.23
2243,s274,0138-01,0.43
2244,s44,0138-01,0.82
2245,s715,0138-01,0.73
2246,s960,0138-01,0.13
2247,s961,0138-01,0.52
2248,s77,0138-01,0.37
2249,s271,0138-01,0.62
2250,s270,0138-01,0.53
2251,s37,0138-01,0.38
2252,s36,0138-01,0.78
2253,s35,0138-01,0.24
2254,s34,0138-01,0.44
2255,s33,0138-01,0.61
2256,s32,0138-01,0.54
2257,s31,0138-01,0.78
2258,s5,0138-01,0.77
2259,s29,0138-01,0.31
2260,s4,0138-01,0.63
2261,s3,0138-01,0.77
2262,s2,0138-01,0.15
2263,s1,0138-01,0.65
2291,s757,0130-01,0.0
2292,s964,0130-01,0.63
2293,s755,0130-01,0.73
2294,s754,0130-01,0.73
2295,s753,0130-01,0.61
2296,s752,0130-01,1.3
2297,s965,0130-01,0.73
2298,s750,0130-01,0.62
2299,s749,0130-01,0.58
2300,s748,0130-01,0.36
2301,s747,0130-01,0.51
2302,s609,0130-01,0.61
2303,s967,0130-01,0.99
2304,s414,0130-01,0.84
2305,s22,0130-01,1.12
2306,s743,0130-01,0.38
2307,s968,0130-01,0.37
2308,s969,0130-01,0.93
2309,s740,0130-01,1.21
2310,s739,0130-01,1.02
2311,s970,0130-01,0.47
2312,s738,0130-01,0.7
2313,s145,0130-01,0.39
2314,s143,0130-01,0.44
2315,s973,0130-01,0.19
2316,s974,0130-01,0.23
2317,s141,0130-01,0.51
2318,s1,0130-01,0.41